,school,sex,age,address,famsize,Pstatus,Medu,Fedu,Mjob,Fjob,reason,guardian,traveltime,studytime,failures,schoolsup,famsup,paid,activities,nursery,higher,internet,romantic,famrel,freetime,goout,Dalc,Walc,health,absences,G1,G2,G3,pass
0,0,1,18,1,1,0,4,4,0,2,0,0,2,2,0,1,0,0,0,1,1,0,0,4,3,4,1,1,3,6,5,6,6,0
1,0,1,17,1,1,1,1,1,0,4,0,1,1,2,0,0,1,0,0,0,1,1,0,5,3,3,1,1,3,4,5,5,6,0
2,0,1,15,1,0,1,1,1,0,4,3,0,1,2,3,1,0,1,0,1,1,1,0,4,3,2,2,3,3,10,7,8,10,0
3,0,1,15,1,1,1,4,2,3,1,1,0,1,3,0,0,1,1,1,1,1,1,1,3,2,2,1,1,5,2,15,14,15,1
4,0,1,16,1,1,1,3,3,4,4,1,1,1,2,0,0,1,1,0,1,1,0,0,4,3,2,1,2,5,4,6,10,10,0
5,0,0,16,1,0,1,4,3,1,4,2,0,1,2,0,0,1,1,1,1,1,1,0,5,4,2,1,2,5,10,15,15,15,1
6,0,0,16,1,0,1,2,2,4,4,1,0,1,2,0,0,0,0,0,1,1,1,0,4,4,4,1,1,3,0,12,12,11,1
7,0,1,17,1,1,0,4,4,4,2,1,0,2,2,0,1,1,0,0,1,1,0,0,4,1,4,1,1,1,6,6,5,6,0
8,0,0,15,1,0,0,3,2,1,4,1,0,1,2,0,0,1,1,0,1,1,1,0,4,2,2,1,1,1,0,16,18,19,1
9,0,0,15,1,1,1,3,4,4,4,1,0,1,2,0,0,1,1,1,1,1,1,0,5,5,1,1,1,5,0,14,15,15,1
10,0,1,15,1,1,1,4,4,2,3,2,0,1,2,0,0,1,1,0,1,1,1,0,3,3,3,1,2,2,0,10,8,9,1
11,0,1,15,1,1,1,2,1,1,4,2,1,3,3,0,0,1,0,1,1,1,1,0,5,2,2,1,1,4,4,10,12,12,1
12,0,0,15,1,0,1,4,4,3,1,0,1,1,1,0,0,1,1,1,1,1,1,0,4,3,3,1,3,5,2,14,14,14,1
13,0,0,15,1,1,1,4,3,2,4,0,0,2,2,0,0,1,1,0,1,1,1,0,5,4,3,1,2,3,2,10,10,11,1
14,0,0,15,1,1,0,2,2,4,4,1,2,1,3,0,0,1,0,0,1,1,1,1,4,5,2,1,1,3,0,14,16,16,1
15,0,1,16,1,1,1,4,4,3,4,1,0,1,1,0,0,1,0,0,1,1,1,0,4,4,4,1,2,2,4,14,14,14,1
16,0,1,16,1,1,1,4,4,1,1,2,0,1,3,0,0,1,1,1,1,1,1,0,3,2,3,1,2,2,6,13,14,14,1
17,0,1,16,1,1,1,3,3,4,4,2,0,3,2,0,1,1,0,1,1,1,0,0,5,3,2,1,1,4,4,8,10,10,0
18,0,0,17,1,1,1,3,2,1,1,0,0,1,1,3,0,1,0,1,1,1,1,0,5,5,5,2,4,5,16,6,5,5,0
19,0,0,16,1,0,1,4,3,3,4,1,1,1,1,0,0,0,1,1,1,1,1,0,3,1,3,1,3,5,4,8,10,10,0
20,0,0,15,1,1,1,4,3,2,4,2,0,1,2,0,0,0,0,0,1,1,1,0,4,4,1,1,1,1,0,13,14,15,1
21,0,0,15,1,1,1,4,4,3,3,3,1,1,1,0,0,1,1,0,1,1,1,0,5,4,2,1,1,5,0,12,15,15,1
22,0,0,16,1,0,1,4,2,2,4,0,0,1,2,0,0,0,0,1,1,1,1,0,4,5,1,1,3,5,2,15,15,16,1
23,0,0,16,1,0,1,2,2,4,4,2,0,2,2,0,0,1,0,1,1,1,1,0,5,4,4,2,4,5,0,13,13,12,1
24,0,1,15,0,1,1,2,4,1,3,0,0,1,3,0,1,1,1,1,1,1,1,0,4,3,2,1,1,5,2,10,9,8,1
25,0,1,16,1,1,1,2,2,1,1,1,0,1,1,2,0,1,1,0,0,1,1,0,1,2,2,1,3,5,14,6,9,8,0
26,0,0,15,1,1,1,2,2,4,4,1,0,1,1,0,0,1,1,0,1,1,1,0,4,2,2,1,2,5,2,12,12,11,1
27,0,0,15,1,1,1,4,2,3,1,3,0,1,1,0,0,0,1,0,1,1,1,0,2,2,4,2,4,1,4,15,16,15,1
28,0,0,16,1,0,0,3,4,1,4,1,0,1,2,0,1,1,0,1,1,1,1,0,5,3,3,1,1,5,4,11,11,11,1
29,0,0,16,1,1,1,4,4,2,2,1,0,1,2,0,0,1,1,1,1,1,1,1,4,4,5,5,5,5,16,10,12,11,1
30,0,0,15,1,1,1,4,4,3,1,1,0,1,2,0,0,1,1,0,0,1,1,0,5,4,2,3,4,5,0,9,11,12,0
31,0,0,15,1,1,1,4,4,1,1,2,0,2,2,0,0,1,0,1,1,1,1,0,4,3,1,1,1,5,0,17,16,17,1
32,0,0,15,0,1,1,4,3,2,0,0,0,1,2,0,0,1,0,1,1,1,1,1,4,5,2,1,1,5,0,17,16,16,1
33,0,0,15,1,0,1,3,3,4,4,0,0,1,2,0,0,0,0,1,0,1,1,0,5,3,2,1,1,2,0,8,10,12,0
34,0,0,16,1,1,1,3,2,4,4,1,0,1,1,0,0,1,1,0,0,1,1,0,5,4,3,1,1,5,0,12,14,15,1
35,0,1,15,1,1,1,2,3,4,4,3,1,2,1,0,0,1,0,1,1,1,0,0,3,5,1,1,1,5,0,8,7,6,0
36,0,0,15,1,0,1,4,3,2,1,1,0,1,3,0,0,1,0,1,1,1,1,0,5,4,3,1,1,4,2,15,16,18,1
37,0,0,16,0,1,0,4,4,4,2,2,0,2,3,0,0,1,0,1,1,1,1,1,2,4,3,1,1,5,7,15,16,15,1
38,0,1,15,0,1,1,3,4,1,3,0,0,1,3,0,1,1,1,1,1,1,1,0,4,3,2,1,1,5,2,12,12,11,1
39,0,1,15,0,1,1,2,2,0,4,2,0,1,1,0,1,1,1,1,1,1,0,0,4,3,1,1,1,2,8,14,13,13,1
40,0,1,16,1,0,1,2,2,4,4,1,0,2,2,1,0,1,0,1,0,1,1,1,3,3,3,1,2,3,25,7,10,11,0
41,0,0,15,1,0,1,4,4,2,4,1,2,1,1,0,0,1,0,0,0,1,1,1,5,4,3,2,4,5,8,12,12,12,1
42,0,0,15,1,1,1,4,4,1,2,0,1,1,2,0,0,1,0,1,1,1,1,0,4,3,3,1,1,5,2,19,18,18,1
43,0,0,15,1,1,1,2,2,1,1,0,1,1,1,0,1,1,0,0,1,1,1,0,5,4,1,1,1,1,0,8,8,11,0
44,0,1,16,1,0,1,2,2,4,0,0,1,2,2,1,1,0,0,1,1,1,1,0,4,3,3,2,2,5,14,10,10,9,1
45,0,1,15,1,0,0,4,3,4,4,0,0,1,2,0,1,1,1,1,1,1,1,1,5,2,2,1,1,5,8,8,8,6,0
46,0,1,16,1,0,0,3,3,4,1,1,0,1,2,0,0,1,0,0,1,1,1,0,2,3,5,1,4,3,12,11,12,11,1
47,0,0,16,1,1,1,4,3,3,1,2,0,1,4,0,0,0,0,1,1,1,1,0,4,2,2,1,1,2,4,19,19,20,1
48,0,0,15,1,1,1,4,2,2,4,1,0,1,2,0,0,1,1,0,1,1,0,0,4,3,3,2,2,5,2,15,15,14,1
49,0,1,15,1,1,1,4,4,1,2,3,1,1,2,1,1,1,0,1,0,1,1,0,4,4,4,1,1,3,2,7,7,7,0
50,0,1,16,1,0,1,2,2,1,1,0,0,3,2,0,0,1,1,0,1,1,1,0,4,3,3,2,3,4,2,12,13,13,1
51,0,1,15,1,0,1,4,2,3,4,3,0,1,2,0,0,1,1,0,1,1,1,0,4,3,3,1,1,5,2,11,13,13,1
52,0,0,15,1,0,0,4,2,3,3,3,1,2,1,1,0,0,0,0,1,1,0,0,5,5,5,3,4,5,6,11,11,10,1
53,0,1,15,1,1,1,4,4,1,1,0,0,1,1,0,1,1,1,0,1,1,1,0,3,3,4,2,3,5,0,8,10,11,0
54,0,1,15,1,0,0,3,3,4,4,3,0,1,1,0,0,0,1,0,1,1,1,0,5,3,4,4,4,1,6,10,13,13,1
55,0,1,16,1,1,0,2,1,4,4,3,0,1,2,0,0,0,1,1,1,1,1,1,5,3,4,1,1,2,8,8,9,10,0
56,0,1,15,1,1,0,4,3,1,1,2,0,1,2,0,0,1,1,1,1,1,1,0,4,3,2,1,1,1,0,14,15,15,1
57,0,0,15,1,1,1,4,4,2,3,2,0,1,2,0,0,1,0,1,1,1,0,0,3,2,2,1,1,5,4,14,15,15,1
58,0,0,15,1,0,1,1,2,4,0,1,1,1,2,0,1,1,0,1,1,1,1,0,4,3,2,1,1,5,2,9,10,9,0
59,0,1,16,1,1,1,4,2,1,4,0,0,1,2,0,0,1,0,0,1,1,1,0,4,2,3,1,1,5,2,15,16,16,1
60,0,1,16,0,1,1,4,4,3,2,3,0,1,2,0,0,1,0,1,1,1,0,0,2,4,4,2,3,4,6,10,11,11,1
61,0,1,16,1,1,1,1,1,1,1,0,1,4,1,0,1,1,0,1,0,1,1,1,5,5,5,5,5,5,6,10,8,11,1
62,0,1,16,1,0,1,1,2,4,1,2,1,1,2,0,1,0,0,1,1,1,1,0,4,4,3,1,1,1,4,8,10,9,0
63,0,1,16,1,1,1,4,3,2,3,1,0,1,3,0,1,1,1,1,1,1,1,0,3,4,4,2,4,4,2,10,9,9,1
64,0,1,15,1,0,1,4,3,1,1,2,1,1,2,0,1,0,0,1,1,1,1,1,4,4,4,2,4,2,0,10,10,10,1
65,0,1,16,1,0,1,4,3,2,1,0,0,3,2,0,0,1,0,1,1,1,1,0,5,4,3,1,2,1,2,16,15,15,1
66,0,0,15,1,1,0,4,4,4,1,2,0,1,4,0,0,1,0,1,0,1,1,1,1,3,3,5,5,3,4,13,13,12,1
67,0,1,16,1,1,1,3,1,1,4,0,0,1,4,0,1,1,1,0,1,1,1,0,4,3,3,1,2,5,4,7,7,6,0
68,0,1,15,0,0,1,2,2,3,1,2,0,2,2,0,1,1,1,0,1,1,1,0,4,1,3,1,3,4,2,8,9,8,0
69,0,1,15,0,0,1,3,1,4,4,2,1,2,4,0,0,1,0,0,0,1,1,0,4,4,2,2,3,3,12,16,16,16,1
70,0,0,16,1,1,1,3,1,4,4,2,1,2,4,0,0,1,1,0,1,1,1,0,4,3,2,1,1,5,0,13,15,15,1
71,0,0,15,1,1,1,4,2,4,4,0,0,1,4,0,0,0,0,0,1,1,1,0,3,3,3,1,1,3,0,10,10,10,1
72,0,1,15,0,1,1,1,1,4,4,2,0,1,2,2,1,1,0,0,0,1,1,1,3,3,4,2,4,5,2,8,6,5,0
73,0,0,16,1,1,1,3,1,4,4,2,0,1,1,0,0,0,0,1,1,1,0,0,5,3,2,2,2,5,2,12,12,14,1
74,0,1,16,1,1,1,3,3,4,1,1,0,1,2,0,1,1,1,1,1,1,1,0,4,3,3,2,4,5,54,11,12,11,1
75,0,0,15,1,1,1,4,3,2,4,1,0,1,2,0,0,1,1,1,1,1,1,0,4,3,3,2,3,5,6,9,9,10,0
76,0,0,15,1,1,1,4,0,2,4,0,0,2,4,0,0,0,0,1,1,1,1,0,3,4,3,1,1,1,8,11,11,10,1
77,0,1,16,1,1,1,2,2,4,4,2,0,1,4,0,0,0,1,0,1,1,1,1,5,2,3,1,3,3,0,11,11,11,1
78,0,0,17,1,1,1,2,1,4,4,1,0,2,1,3,1,1,0,1,1,0,1,0,4,5,1,1,1,3,2,8,8,10,0
79,0,1,16,1,1,1,3,4,0,4,0,0,1,2,0,0,1,0,0,1,1,1,0,2,4,3,1,2,3,12,5,5,5,0
80,0,0,15,1,1,1,2,3,4,1,0,1,1,1,0,1,1,1,1,0,1,1,1,3,2,2,1,3,3,2,10,12,12,1
81,0,0,15,1,1,1,2,3,4,4,1,0,1,3,0,1,0,1,0,0,1,1,0,5,3,2,1,2,5,4,11,10,11,1
82,0,1,15,1,0,1,3,2,1,4,2,0,1,2,0,0,1,1,0,1,1,1,0,4,4,4,1,1,5,10,7,6,6,0
83,0,0,15,1,0,1,2,2,1,1,1,0,2,2,0,0,0,1,1,1,1,1,0,5,3,3,1,3,4,4,15,15,15,1
84,0,1,15,1,1,1,1,1,4,4,1,1,1,2,0,0,1,0,1,0,1,1,0,4,3,2,2,3,4,2,9,10,10,0
85,0,1,15,1,1,1,4,4,1,1,2,1,2,2,2,0,0,1,0,1,1,1,1,4,4,4,2,3,5,6,7,9,8,0
86,0,1,16,1,0,1,2,2,0,4,0,0,1,2,0,0,1,0,0,1,1,0,0,4,3,4,1,2,2,4,8,7,6,0
87,0,1,15,1,1,1,4,2,4,4,2,0,1,3,0,0,1,0,1,1,1,1,0,5,3,3,1,3,1,4,13,14,14,1
88,0,0,16,1,1,1,2,2,1,4,2,1,2,2,1,0,0,1,1,0,1,1,0,4,4,2,1,1,3,12,11,10,10,1
89,0,0,16,1,0,0,4,4,2,3,2,0,1,2,0,0,1,0,0,1,1,0,0,4,1,3,3,5,5,18,8,6,7,0
90,0,1,16,1,1,1,3,3,4,4,1,0,1,3,0,0,1,1,0,1,1,1,1,4,3,3,1,3,4,0,7,7,8,0
91,0,1,15,1,1,1,4,3,1,4,2,0,1,1,0,0,0,1,1,1,1,1,0,4,5,5,1,3,1,4,16,17,18,1
92,0,1,16,1,0,1,3,1,4,4,1,1,1,2,0,1,1,0,0,1,1,0,0,3,3,3,2,3,2,4,7,6,6,0
93,0,1,16,1,1,1,4,2,2,1,1,0,2,2,0,0,1,1,1,1,1,1,0,5,3,3,1,1,1,0,11,10,10,1
94,0,0,15,1,0,1,2,2,1,3,2,0,1,4,0,0,1,0,1,1,1,1,0,4,3,4,1,1,4,6,11,13,14,1
95,0,1,15,0,1,1,1,1,0,4,1,0,2,4,1,1,1,1,1,1,1,1,0,3,1,2,1,1,1,2,7,10,10,0
96,0,0,16,0,1,1,4,3,1,4,2,0,2,1,0,1,1,0,1,0,1,1,0,3,3,3,1,1,4,2,11,15,15,1
97,0,1,16,1,1,1,2,1,4,4,0,0,1,2,0,0,1,1,0,1,1,0,1,4,3,5,1,1,5,2,8,9,10,0
98,0,1,16,1,1,1,4,4,4,4,2,0,1,1,0,0,0,0,1,0,1,1,0,5,3,4,1,2,1,6,11,14,14,1
99,0,1,16,1,1,1,4,3,4,0,0,0,1,3,0,1,1,1,0,1,1,1,0,5,3,5,1,1,3,0,7,9,8,0
100,0,0,16,1,1,1,4,4,1,1,3,0,1,1,0,1,1,1,1,1,1,1,0,4,5,5,5,5,4,14,7,7,5,0
101,0,0,16,1,1,1,4,4,1,2,3,1,1,3,0,0,1,0,1,1,1,1,1,4,4,3,1,1,4,0,16,17,17,1
102,0,0,15,1,1,1,4,4,1,4,0,0,1,1,0,0,1,0,1,0,1,1,0,5,3,3,1,1,5,4,10,13,14,1
103,0,1,15,1,1,1,3,2,1,4,1,0,2,2,0,1,1,1,0,1,1,1,0,4,3,5,1,1,2,26,7,6,6,0
104,0,0,15,1,1,0,3,4,1,4,0,0,1,2,0,0,1,1,1,1,1,1,0,5,4,4,1,1,1,0,16,18,18,1
105,0,1,15,1,1,0,3,3,4,3,2,1,1,4,0,1,0,0,0,1,1,0,0,4,3,3,1,1,4,10,10,11,11,1
106,0,1,15,1,1,1,2,2,4,4,0,0,1,4,0,1,1,1,0,1,1,1,0,5,1,2,1,1,3,8,7,8,8,0
107,0,0,16,1,1,1,3,3,1,4,1,1,1,3,0,0,1,0,1,1,1,1,0,5,3,3,1,1,5,2,16,18,18,1
108,0,0,15,0,1,1,4,4,4,4,1,1,4,4,0,0,1,1,1,1,1,1,1,1,3,5,3,5,1,6,10,13,13,1
109,0,1,16,1,0,1,4,4,3,3,3,0,1,3,0,0,1,1,1,1,1,1,1,5,4,5,1,1,4,4,14,15,16,1
110,0,0,15,1,0,0,4,4,2,2,0,0,1,1,0,0,0,0,1,1,1,1,0,5,5,3,1,1,4,6,18,19,19,1
111,0,1,16,0,1,1,3,3,1,4,2,1,1,3,1,1,1,0,1,1,1,1,0,4,1,2,1,1,2,0,7,10,10,0
112,0,1,16,1,1,1,2,2,0,4,1,0,1,2,1,1,0,0,1,1,1,1,0,3,1,2,1,1,5,6,10,13,13,1
113,0,0,15,1,0,1,4,2,2,4,0,0,1,1,0,0,0,0,0,1,1,1,0,3,5,2,1,1,3,10,18,19,19,1
114,0,0,15,0,1,1,2,1,3,1,2,0,1,2,0,0,0,0,1,1,1,1,1,5,4,2,1,1,5,8,9,9,9,0
115,0,0,16,1,1,1,4,4,2,2,0,1,1,2,0,0,1,0,1,1,1,1,0,5,4,4,1,2,5,2,15,15,16,1
116,0,0,15,1,1,1,4,4,4,2,2,1,2,2,0,0,1,0,1,1,1,0,0,4,4,3,1,1,2,2,11,13,14,1
117,0,0,16,1,1,1,3,3,4,1,1,1,2,1,0,0,0,0,1,1,1,1,0,5,4,2,1,1,5,0,13,14,13,1
118,0,0,17,0,1,1,1,3,4,4,0,1,3,2,1,0,1,0,1,1,1,1,0,5,2,4,1,4,5,20,9,7,8,0
119,0,0,15,1,1,1,3,4,4,4,2,1,1,1,0,0,0,0,0,1,1,1,0,3,4,3,1,2,4,6,14,13,13,1
120,0,1,15,1,1,1,1,2,0,1,0,0,1,2,0,0,0,0,0,0,1,1,0,3,2,3,1,2,1,2,16,15,15,1
121,0,0,15,1,1,1,2,2,1,1,1,1,1,4,0,0,1,1,1,1,1,1,0,5,5,4,1,2,5,6,16,14,15,1
122,0,1,16,1,0,1,2,4,4,3,0,1,2,2,0,0,1,1,1,1,1,1,1,4,2,2,1,2,5,2,13,13,13,1
123,0,0,16,1,1,1,4,4,3,4,0,0,1,1,0,0,1,0,1,1,1,1,0,3,4,4,1,4,5,18,14,11,13,1
124,0,1,16,1,1,1,2,2,4,4,1,0,1,2,0,0,0,1,0,1,1,1,1,5,4,4,1,1,5,0,8,7,8,0
125,0,0,15,1,1,1,3,4,1,1,1,1,1,1,0,1,0,0,0,1,1,1,0,5,5,5,3,2,5,0,13,13,12,1
126,0,1,15,1,0,0,3,4,4,4,1,0,1,2,0,1,0,0,1,1,1,1,1,5,3,2,1,1,1,0,7,10,11,0
127,0,1,19,1,1,1,0,1,0,4,0,2,1,2,3,0,1,0,0,0,0,0,0,3,4,2,1,1,5,2,7,8,9,0
128,0,0,18,0,1,1,2,2,1,4,2,0,1,1,2,0,1,0,1,1,1,1,0,3,3,3,1,2,4,0,7,4,0,0
129,0,0,16,0,1,1,4,4,2,2,0,0,1,1,0,0,0,1,1,1,1,1,0,3,5,5,2,5,4,8,18,18,18,1
130,0,1,15,0,1,1,3,4,1,2,0,1,2,3,2,0,1,0,0,1,1,1,1,4,2,2,2,2,5,0,12,0,0,1
131,0,1,15,1,1,1,1,1,0,4,0,0,3,1,0,0,1,0,1,0,1,1,1,4,3,3,1,2,4,0,8,0,0,0
132,0,1,17,1,0,1,2,2,4,4,0,1,1,1,0,0,1,0,0,1,1,1,1,3,4,4,1,3,5,12,10,13,12,1
133,0,1,16,1,1,0,3,4,1,4,0,1,1,1,0,0,0,0,0,1,1,1,0,3,2,1,1,4,5,16,12,11,11,1
134,0,0,15,0,1,1,3,4,0,2,0,0,4,2,0,0,1,0,0,1,1,0,1,5,3,3,1,1,5,0,9,0,0,0
135,0,1,15,1,1,1,4,4,1,0,0,0,1,3,0,0,1,0,1,1,1,1,1,4,3,3,1,1,5,0,11,0,0,1
136,0,0,17,0,1,1,3,4,0,4,0,0,3,2,0,0,0,0,0,1,1,0,0,5,4,5,2,4,5,0,10,0,0,1
137,0,1,16,1,1,0,3,3,4,4,0,2,2,1,2,0,1,0,1,0,1,1,1,4,3,2,1,1,5,0,4,0,0,0
138,0,0,16,1,0,1,1,1,1,4,0,0,1,2,1,0,0,0,0,1,1,0,1,4,4,4,1,3,5,0,14,12,12,1
139,0,1,15,1,1,1,4,4,2,2,0,0,2,1,0,0,0,0,1,1,1,1,0,4,3,2,1,1,5,0,16,16,15,1
140,0,0,15,1,1,1,4,3,2,1,0,1,2,4,0,1,1,0,0,1,1,1,0,2,2,2,1,1,3,0,7,9,0,0
141,0,0,16,1,0,1,2,2,1,1,2,1,2,1,2,0,1,0,1,1,1,1,0,2,3,3,2,2,2,8,9,9,9,0
142,0,1,15,1,1,1,4,4,2,1,0,0,1,3,0,0,1,1,1,1,1,1,0,4,2,2,1,1,5,2,9,11,11,0
143,0,1,16,1,0,1,1,1,0,0,0,0,1,1,0,0,0,0,0,1,1,1,0,3,4,4,3,3,1,2,14,14,13,1
144,0,0,17,1,1,1,2,1,4,4,1,0,1,1,3,0,1,0,0,1,1,1,0,5,4,5,1,2,5,0,5,0,0,0
145,0,1,15,1,1,1,1,1,4,1,0,1,1,2,0,0,1,1,0,1,1,1,0,4,4,2,1,2,5,0,8,11,11,0
146,0,1,15,1,1,1,3,2,3,1,1,1,1,2,3,0,1,0,0,1,1,1,0,3,3,2,1,1,3,0,6,7,0,0
147,0,1,15,1,1,1,1,2,0,4,0,0,1,2,0,0,1,1,0,0,1,1,0,4,3,2,1,1,5,2,10,11,11,1
148,0,0,16,1,1,1,4,4,2,2,0,0,1,1,0,0,1,0,0,1,0,1,1,3,3,2,2,1,5,0,7,6,0,0
149,0,0,15,1,0,0,2,1,1,4,0,0,4,1,3,0,0,0,0,1,1,1,0,4,5,5,2,5,5,0,8,9,10,0
150,0,0,18,1,0,1,1,1,4,4,0,0,1,1,3,0,0,0,0,1,0,1,1,2,3,5,2,5,4,0,6,5,0,0
151,0,0,16,1,0,1,2,1,0,4,0,0,1,1,1,0,0,0,1,1,1,0,1,4,4,4,3,5,5,6,12,13,14,1
152,0,1,15,0,1,1,3,3,1,1,2,2,2,3,2,0,1,1,1,1,1,1,1,4,2,1,2,3,3,8,10,10,10,1
153,0,0,19,1,1,1,3,2,1,0,1,0,1,1,3,0,1,0,0,1,0,1,1,4,5,4,1,1,4,0,5,0,0,0
154,0,1,17,1,1,1,4,4,4,2,0,0,1,1,0,1,1,0,0,1,1,0,1,4,2,1,1,1,4,0,11,11,12,1
155,0,0,15,0,1,1,2,3,0,1,0,0,1,2,0,1,0,1,1,1,1,0,0,4,4,4,1,1,1,2,11,8,8,1
156,0,0,17,0,0,1,1,2,4,4,2,0,1,1,0,0,0,0,0,1,1,0,0,2,2,2,3,3,5,8,16,12,13,1
157,0,1,18,0,1,1,1,1,0,4,0,0,3,1,3,0,1,0,1,0,1,0,0,5,2,5,1,5,4,6,9,8,10,0
158,0,0,16,0,1,1,2,2,0,4,0,0,3,1,0,0,0,0,0,0,1,0,0,4,2,2,1,2,3,2,17,15,15,1
159,0,0,16,1,1,1,3,3,4,1,0,1,1,2,1,0,1,1,0,1,1,1,1,4,5,5,4,4,5,4,10,12,12,1
160,0,0,17,0,0,1,2,1,0,4,0,0,2,1,2,0,0,0,1,1,0,1,1,3,3,2,2,2,5,0,7,6,0,0
161,0,0,15,0,1,1,3,2,4,4,0,0,2,2,2,1,1,0,0,1,1,1,1,4,4,4,1,4,3,6,5,9,7,0
162,0,0,16,1,0,1,1,2,4,4,0,0,2,1,1,0,0,0,1,1,1,0,0,4,4,4,2,4,5,0,7,0,0,0
163,0,0,17,1,1,1,1,3,0,1,0,1,1,1,0,0,0,0,0,1,0,1,0,5,3,3,1,4,2,2,10,10,10,1
164,0,0,17,0,0,1,1,1,4,1,0,0,4,2,3,0,0,0,1,1,0,0,1,5,3,5,1,5,5,0,5,8,7,0
165,0,0,16,1,1,1,3,2,1,1,0,0,2,1,1,0,1,0,1,0,0,0,0,4,5,2,1,1,2,16,12,11,12,1
166,0,0,16,1,1,1,2,2,4,4,0,1,1,2,0,0,0,0,0,1,0,1,0,4,3,5,2,4,4,4,10,10,10,1
167,0,1,16,1,1,1,4,2,3,1,1,1,1,2,0,0,0,1,0,1,1,1,1,4,2,3,1,1,3,0,14,15,16,1
168,0,1,16,1,1,1,2,2,4,4,1,0,1,2,0,0,1,1,0,0,1,1,0,5,1,5,1,1,4,0,6,7,0,0
169,0,1,16,1,1,1,4,4,3,3,2,0,1,2,0,0,1,1,0,1,1,1,1,4,4,2,1,1,3,0,14,14,14,1
170,0,0,16,1,1,1,3,4,4,4,0,1,3,1,2,0,1,0,1,0,1,1,0,3,4,5,2,4,2,0,6,5,0,0
171,0,0,16,1,1,1,1,0,4,4,2,0,2,2,0,0,1,1,1,1,1,1,1,4,3,2,1,1,3,2,13,15,16,1
172,0,0,17,1,0,1,4,4,2,4,2,0,1,2,0,0,1,1,1,1,1,1,0,4,4,4,1,3,5,0,13,11,10,1
173,0,1,16,1,1,1,1,3,0,1,1,0,1,2,3,0,0,0,1,0,1,1,1,4,3,5,1,1,3,0,8,7,0,0
174,0,1,16,1,0,1,3,3,4,4,2,0,2,2,0,0,1,1,1,1,1,1,0,4,4,5,1,1,4,4,10,11,9,1
175,0,0,17,1,0,1,4,3,2,4,0,0,2,2,0,0,0,1,1,1,1,1,0,4,4,4,4,4,4,4,10,9,9,1
176,0,1,16,1,1,1,2,2,1,4,2,0,2,2,0,0,0,1,1,0,1,1,0,3,4,4,1,4,5,2,13,13,11,1
177,0,0,17,1,1,1,3,3,4,4,2,1,1,2,0,0,0,0,1,0,1,1,0,4,3,4,1,4,4,4,6,5,6,0
178,0,0,16,0,1,1,4,2,2,1,3,0,1,1,0,0,1,0,1,1,1,1,1,4,3,3,3,4,3,10,10,8,9,1
179,0,0,17,1,1,1,4,3,4,4,0,0,1,2,0,0,1,0,1,1,1,1,1,5,2,3,1,1,2,4,10,10,11,1
180,0,0,16,1,1,1,4,3,2,4,1,0,1,2,0,0,1,1,1,1,1,1,0,3,4,3,2,3,3,10,9,8,8,0
181,0,0,16,1,1,1,3,3,1,4,1,0,1,2,0,0,0,1,1,1,1,1,1,4,2,3,1,2,3,2,12,13,12,1
182,0,1,17,1,1,1,2,4,1,1,2,1,1,2,0,0,1,0,1,1,1,0,0,5,4,2,2,3,5,0,16,17,17,1
183,0,1,17,1,0,1,3,3,4,4,2,0,1,2,0,0,1,0,1,1,1,1,1,5,3,3,2,3,1,56,9,9,8,0
184,0,1,16,1,1,1,3,2,4,4,2,0,1,2,0,0,1,1,0,1,1,1,0,1,2,2,1,2,1,14,12,13,12,1
185,0,0,17,1,1,1,3,3,1,1,3,0,1,2,0,0,1,0,1,1,1,1,1,4,3,4,2,3,4,12,12,12,11,1
186,0,0,16,1,1,1,1,2,1,1,3,0,1,1,0,0,1,1,1,1,1,1,1,3,3,3,1,2,3,2,11,12,11,1
187,0,0,16,1,0,1,2,1,4,4,0,0,1,2,0,0,0,1,1,1,1,1,1,4,2,3,1,2,5,0,15,15,15,1
188,0,1,17,1,1,0,3,3,3,4,2,0,1,2,0,0,1,0,0,0,1,1,1,3,3,3,1,3,3,6,8,7,9,0
189,0,0,17,0,1,1,1,2,0,4,1,0,1,2,0,0,0,0,0,1,1,0,0,3,1,3,1,5,3,4,8,9,10,0
190,0,1,16,1,1,1,2,3,1,1,0,0,1,2,0,0,0,0,0,1,1,1,0,4,3,3,1,1,2,10,11,12,13,1
191,0,1,17,1,1,1,1,1,0,1,0,0,1,2,0,0,0,0,1,1,1,1,0,5,3,3,1,1,3,0,8,8,9,0
192,0,0,17,1,1,1,1,2,0,1,3,2,2,2,0,0,0,1,1,0,1,1,0,4,4,4,4,5,5,12,7,8,8,0
193,0,0,16,0,1,1,3,3,1,1,2,0,1,1,0,0,1,0,1,1,1,1,0,4,3,2,3,4,5,8,8,9,10,0
194,0,0,16,1,1,1,2,3,4,4,1,1,2,1,0,0,0,0,0,1,1,1,0,5,3,3,1,1,3,0,13,14,14,1
195,0,1,17,1,0,1,2,4,1,1,0,1,1,2,0,0,0,0,1,1,1,1,1,4,3,2,1,1,5,0,14,15,15,1
196,0,0,17,1,1,1,4,4,1,2,1,0,1,1,0,0,0,0,0,1,1,1,0,5,2,3,1,2,5,4,17,15,16,1
197,0,0,16,0,0,1,3,3,2,4,1,1,3,1,0,0,1,1,1,1,1,1,0,3,3,4,3,5,3,8,9,9,10,0
198,0,1,17,1,1,1,4,4,1,2,1,0,2,1,1,0,1,0,0,1,1,1,0,4,2,4,2,3,2,24,18,18,18,1
199,0,1,16,1,0,1,4,4,2,2,2,0,1,2,0,0,1,1,0,1,1,1,0,4,5,2,1,2,3,0,9,9,10,0
200,0,1,16,1,1,1,4,3,3,4,1,0,1,2,0,0,1,0,1,1,1,1,0,4,3,5,1,5,2,2,16,16,16,1
201,0,1,16,1,1,1,2,3,4,4,2,0,1,2,0,1,1,1,1,1,1,0,0,4,4,3,1,3,4,6,8,10,10,0
202,0,1,17,1,1,1,1,1,4,4,0,0,1,2,0,0,1,1,0,0,1,0,0,4,4,4,1,3,1,4,9,9,10,0
203,0,1,17,0,1,1,2,2,4,4,2,0,1,1,0,0,1,0,0,1,1,1,0,5,3,2,1,2,3,18,7,6,6,0
204,0,1,16,0,1,1,2,2,1,1,2,0,2,4,0,0,1,1,1,0,1,1,0,5,3,5,1,1,5,6,10,10,11,1
205,0,1,17,1,1,1,3,4,0,1,1,0,1,3,1,0,1,1,0,1,1,1,1,4,4,3,3,4,5,28,10,9,9,1
206,0,1,16,1,1,0,3,1,1,4,0,0,1,2,3,0,1,1,0,1,1,1,0,2,3,3,2,2,4,5,7,7,7,0
207,0,1,16,1,1,1,4,3,2,4,3,0,1,2,0,0,0,1,1,1,1,1,1,1,3,2,1,1,1,10,11,12,13,1
208,0,1,16,1,1,1,1,1,0,4,1,0,2,1,0,0,1,1,0,1,1,0,0,4,3,2,1,4,5,6,9,9,10,0
209,0,1,17,0,1,1,4,3,2,4,2,0,2,3,0,0,1,1,1,1,1,1,1,4,4,2,1,1,4,6,7,7,7,0
210,0,1,19,1,1,1,3,3,4,4,2,2,1,4,0,0,1,1,1,1,1,1,0,4,3,3,1,2,3,10,8,8,8,0
211,0,0,17,1,0,1,4,4,1,4,1,0,1,2,0,0,1,1,0,1,1,1,1,5,3,5,4,5,3,13,12,12,13,1
212,0,1,16,1,1,0,2,2,4,4,2,0,1,2,0,1,1,1,0,1,1,1,0,3,3,4,1,1,4,0,12,13,14,1
213,0,0,18,1,1,1,2,2,1,4,1,0,1,2,1,0,1,1,1,1,1,1,0,4,4,4,2,4,5,15,6,7,8,0
214,0,1,17,0,0,1,4,4,1,4,3,0,1,1,0,0,1,1,0,1,1,0,0,5,2,1,1,2,3,12,8,10,10,0
215,0,1,17,1,0,1,3,2,4,4,2,0,2,2,0,0,0,1,0,1,1,1,0,4,4,4,1,3,1,2,14,15,15,1
216,0,1,17,1,1,1,4,3,4,4,2,0,1,2,2,0,0,1,0,1,1,1,1,3,4,5,2,4,1,22,6,6,4,0
217,0,0,18,1,0,1,3,3,1,3,1,1,1,2,1,0,1,1,0,1,1,1,0,3,2,4,2,4,4,13,6,6,8,0
218,0,1,17,1,1,1,2,3,0,4,1,1,2,1,0,0,1,1,0,1,1,0,0,3,3,3,1,4,3,3,7,7,8,0
219,0,1,17,1,1,1,2,2,0,0,0,0,1,3,0,0,1,1,1,1,1,1,0,4,3,3,1,1,4,4,9,10,10,0
220,0,1,17,0,1,1,2,1,0,1,2,0,2,2,0,0,1,0,1,1,1,1,0,4,2,5,1,2,5,2,6,6,6,0
221,0,1,17,1,1,1,1,1,0,4,2,0,1,3,1,0,1,0,1,1,1,0,1,4,3,4,1,1,5,0,6,5,0,0
222,0,1,16,1,1,1,2,3,1,2,3,0,1,2,0,1,0,0,0,1,1,1,0,2,3,1,1,1,3,2,16,16,17,1
223,0,0,18,1,1,1,2,2,4,4,1,0,2,2,0,0,1,1,0,1,1,1,0,3,3,3,5,5,4,0,12,13,13,1
224,0,1,16,1,1,1,4,4,2,1,1,0,1,3,0,0,1,0,1,0,1,1,0,5,3,2,1,1,5,0,13,13,14,1
225,0,1,18,0,1,1,3,1,4,4,2,0,1,2,1,0,0,0,1,1,1,1,1,5,3,3,1,1,4,16,9,8,7,0
226,0,1,17,1,1,1,3,2,4,4,0,0,1,2,0,0,0,0,1,0,1,1,0,5,3,4,1,3,3,10,16,15,15,1
227,0,0,17,1,0,1,2,3,1,1,2,1,1,2,0,0,1,1,0,0,1,1,0,5,3,3,1,3,3,2,12,11,12,1
228,0,0,18,1,0,1,2,1,0,4,0,0,4,2,0,1,1,1,1,1,1,1,1,4,3,2,4,5,3,14,10,8,9,1
229,0,1,17,1,1,0,2,1,4,4,0,0,2,3,0,0,0,0,1,1,1,1,1,3,2,3,1,2,3,10,12,10,12,1
230,0,1,17,1,0,1,4,3,3,4,2,1,1,2,0,0,0,0,1,1,1,1,1,3,2,3,1,2,3,14,13,13,14,1
231,0,0,17,0,1,1,2,2,4,4,0,1,2,2,0,0,1,1,1,1,1,1,0,4,5,2,1,1,1,4,11,11,11,1
232,0,0,17,1,1,1,4,4,2,2,2,0,1,2,0,1,1,0,1,1,1,1,1,4,5,5,1,3,2,14,11,9,9,1
233,0,0,16,1,1,1,4,4,3,4,2,1,1,2,0,0,1,1,1,1,1,1,0,4,2,4,2,4,1,2,14,13,13,1
234,0,0,16,1,0,1,1,1,4,4,1,0,2,2,0,0,1,1,0,1,1,1,0,3,4,2,1,1,5,18,9,7,6,0
235,0,0,16,1,1,1,3,2,0,4,2,0,2,3,0,0,0,0,1,1,1,1,1,5,3,3,1,3,2,10,11,9,10,1
236,0,0,17,1,0,1,2,2,4,4,1,1,1,2,0,0,0,1,1,0,1,1,1,4,4,2,5,5,4,4,14,13,13,1
237,0,1,16,1,1,1,2,1,4,4,1,0,1,1,0,0,0,0,0,1,1,1,1,4,5,2,1,1,5,20,13,12,12,1
238,0,1,17,0,1,1,2,1,0,1,0,0,3,2,0,0,0,0,1,1,1,0,0,2,1,1,1,1,3,2,13,11,11,1
239,0,0,18,1,1,1,2,2,4,1,2,1,1,2,1,0,0,0,0,1,0,1,0,5,5,4,3,5,2,0,7,7,0,0
240,0,0,17,1,0,1,4,3,3,4,0,0,2,2,0,0,0,0,1,1,1,1,1,2,5,5,1,4,5,14,12,12,12,1
241,0,0,17,0,0,0,4,4,2,4,0,0,2,2,0,0,1,1,0,1,1,1,0,3,3,3,2,3,4,2,10,11,12,1
242,0,0,16,1,0,1,4,3,2,4,0,0,1,1,0,0,0,0,1,0,1,1,0,5,4,5,1,1,3,0,6,0,0,0
243,0,0,16,1,1,1,4,4,1,1,0,0,1,1,0,0,0,0,1,1,1,1,0,5,3,2,1,2,5,0,13,12,12,1
244,0,1,18,1,1,1,2,1,4,4,0,2,2,3,0,0,1,1,0,0,1,1,1,4,4,4,1,1,3,0,7,0,0,0
245,0,0,16,1,1,1,2,1,4,4,0,0,3,1,0,0,0,0,0,1,1,1,0,4,3,3,1,1,4,6,18,18,18,1
246,0,0,17,1,1,1,2,3,4,4,0,1,2,1,0,0,0,0,0,1,1,1,0,5,2,2,1,1,2,4,12,12,13,1
247,0,0,22,1,1,1,3,1,1,1,3,0,1,1,3,0,0,0,0,0,0,1,1,5,4,5,5,5,1,16,6,8,8,0
248,0,0,18,0,0,1,3,3,4,1,0,0,1,2,1,0,1,0,0,1,1,1,1,4,3,3,1,3,5,8,3,5,5,0
249,0,0,16,1,1,1,0,2,4,4,3,0,1,1,0,0,0,1,0,0,1,1,0,4,3,2,2,4,5,0,13,15,15,1
250,0,0,18,1,1,1,3,2,1,4,0,0,2,1,1,0,0,0,0,1,0,1,0,4,4,5,2,4,5,0,6,8,8,0
251,0,0,16,1,1,1,3,3,0,4,2,2,3,2,0,1,1,0,0,0,1,1,0,5,3,3,1,3,2,6,7,10,10,0
252,0,0,18,1,1,1,2,1,1,1,3,0,1,1,1,0,0,0,0,0,0,1,0,3,2,5,2,5,5,4,6,9,8,0
253,0,0,16,0,1,1,2,1,4,4,0,0,2,1,0,0,0,0,1,0,1,0,0,3,3,2,1,3,3,0,8,9,8,0
254,0,0,17,0,1,1,2,1,4,4,0,0,1,1,0,0,0,0,0,0,1,1,0,4,4,2,2,4,5,0,8,12,12,0
255,0,0,17,1,0,1,1,1,3,4,0,0,2,1,1,0,1,0,1,1,1,1,0,4,4,4,1,2,5,2,7,9,8,0
256,0,1,17,1,0,1,4,2,2,1,2,0,1,4,0,0,1,1,1,1,1,1,0,4,2,3,1,1,4,6,14,12,13,1
257,0,0,19,1,0,0,4,3,1,0,2,0,1,2,0,0,1,0,0,1,1,1,0,4,3,1,1,1,1,12,11,11,11,1
258,0,0,18,1,1,1,2,1,4,4,1,0,1,2,0,0,0,0,1,1,1,1,0,5,2,4,1,2,4,8,15,14,14,1
259,0,1,17,1,0,1,2,2,1,1,0,1,1,4,0,0,0,1,1,1,1,1,1,3,4,1,1,1,2,0,10,9,0,1
260,0,1,18,1,1,1,4,3,1,4,1,1,1,2,0,0,1,1,0,1,1,1,1,3,1,2,1,3,2,21,17,18,18,1
261,0,0,18,1,1,1,4,3,2,4,0,0,1,2,0,0,1,1,0,0,1,1,0,4,3,2,1,1,3,2,8,8,8,0
262,0,0,18,0,1,1,3,2,4,4,0,0,1,3,0,0,0,0,1,0,1,0,0,5,3,2,1,1,3,1,13,12,12,1
263,0,1,17,1,1,1,3,3,4,4,1,0,1,3,0,0,0,0,1,0,1,0,0,3,2,3,1,1,4,4,10,9,9,1
264,0,1,18,1,1,1,2,2,0,1,1,0,1,3,0,0,1,1,1,1,1,1,1,4,3,3,1,1,3,0,9,10,0,0
265,0,0,18,0,0,0,3,4,4,4,2,0,2,2,0,0,1,1,1,1,1,1,0,4,2,5,3,4,1,13,17,17,17,1
266,0,0,17,1,1,1,3,1,1,4,3,0,1,2,0,0,0,1,1,1,1,1,1,5,4,4,3,4,5,2,9,9,10,0
267,0,1,18,0,1,1,4,4,2,4,2,0,2,2,0,0,0,1,1,1,1,1,0,4,3,4,2,2,4,8,12,10,11,1
268,0,0,18,1,1,1,4,2,3,4,2,1,1,2,0,0,1,1,1,1,1,1,1,5,4,5,1,3,5,10,10,9,10,1
269,0,1,18,0,1,1,2,1,4,4,2,0,2,2,0,0,1,0,0,1,0,1,1,4,3,5,1,2,3,0,6,0,0,0
270,0,1,19,1,1,1,3,3,4,1,1,2,1,2,2,0,1,1,1,1,1,1,0,4,3,5,3,3,5,15,9,9,9,0
271,0,1,18,1,1,1,2,3,4,1,2,1,1,4,0,0,1,1,1,1,1,1,1,4,5,5,1,3,2,4,15,14,14,1
272,0,1,18,1,0,1,1,1,4,4,1,0,2,2,0,0,1,1,0,0,1,0,0,4,4,3,1,1,3,2,11,11,11,1
273,0,0,17,0,1,1,1,2,0,0,1,0,1,2,0,0,1,1,1,0,1,0,1,3,5,2,2,2,1,2,15,14,14,1
274,0,1,17,1,1,1,2,4,0,3,2,0,2,2,0,0,1,1,0,1,1,1,1,4,3,3,1,1,1,2,10,10,10,1
275,0,1,17,1,0,1,2,2,1,4,0,0,2,2,0,1,1,1,0,1,1,1,1,4,4,4,2,3,5,6,12,12,12,1
276,0,1,18,0,1,0,3,2,4,1,1,0,2,2,0,0,0,0,0,0,0,1,1,4,1,1,1,1,5,75,10,9,9,1
277,0,0,18,1,1,1,4,4,2,1,1,0,2,1,0,0,0,1,1,1,1,1,0,3,2,4,1,4,3,22,9,9,9,0
278,0,1,18,1,1,1,4,4,3,3,2,1,1,2,1,1,1,0,1,1,1,1,1,2,4,4,1,1,4,15,9,8,8,0
279,0,0,18,1,0,1,4,3,2,1,0,0,2,1,0,0,0,1,1,1,1,1,0,4,2,3,1,2,1,8,10,11,10,1
280,0,0,17,1,0,0,4,1,1,4,1,0,2,1,0,0,0,1,1,1,1,1,1,4,5,4,2,4,5,30,8,8,8,0
281,0,0,17,1,0,0,3,2,2,1,1,0,1,1,1,0,0,0,0,1,1,1,0,4,4,4,3,4,3,19,11,9,10,1
282,0,1,18,0,0,1,1,1,0,4,2,0,2,4,0,0,1,1,1,1,1,0,0,5,2,2,1,1,3,1,12,12,12,1
283,0,1,18,1,1,1,1,1,4,4,1,0,2,2,0,1,0,0,1,1,1,1,0,5,4,4,1,1,4,4,8,9,10,0
284,0,1,17,1,1,1,2,2,4,4,0,0,1,2,0,0,1,0,0,0,1,1,0,5,4,5,1,2,5,4,10,9,11,1
285,0,0,17,1,1,1,1,1,4,4,2,1,1,2,0,0,0,1,0,0,1,1,0,4,3,3,1,2,4,2,12,10,11,1
286,0,1,18,1,1,1,2,2,0,0,3,0,1,3,0,0,1,1,0,1,1,1,0,4,3,3,1,2,2,5,18,18,19,1
287,0,1,17,1,1,1,1,1,1,2,2,0,1,3,0,0,1,1,0,1,1,1,0,4,3,3,1,1,3,6,13,12,12,1
288,0,0,18,1,1,1,2,1,1,1,2,0,1,3,0,0,0,1,1,1,1,1,0,4,2,4,1,3,2,6,15,14,14,1
289,0,0,18,1,0,0,4,4,2,2,2,0,1,2,0,0,1,1,1,1,1,1,0,5,4,3,1,1,2,9,15,13,15,1
290,0,0,18,1,1,1,4,2,2,4,1,0,1,2,0,0,1,1,1,1,1,1,1,4,3,2,1,4,5,11,12,11,11,1
291,0,1,17,1,1,1,4,3,3,1,2,0,1,3,0,0,1,1,0,1,1,1,0,4,2,2,1,2,3,0,15,15,15,1
292,0,1,18,1,0,1,2,1,1,0,2,0,1,2,1,0,0,0,0,1,1,1,1,5,4,3,1,1,5,12,12,12,13,1
293,0,1,17,0,0,1,3,1,1,4,2,0,2,4,0,0,1,1,0,1,1,0,0,3,1,2,1,1,3,6,18,18,18,1
294,0,0,18,0,0,1,3,2,1,4,2,0,2,3,0,0,1,1,1,1,1,1,0,5,4,2,1,1,4,8,14,13,14,1
295,0,0,17,1,1,1,3,3,3,4,1,0,1,1,0,0,1,1,0,1,1,1,0,4,4,3,1,3,5,4,14,12,11,1
296,0,1,19,1,1,1,4,4,3,4,2,2,2,2,0,0,1,1,1,1,1,1,0,2,3,4,2,3,2,0,10,9,0,1
297,0,1,18,1,0,1,4,3,4,4,1,2,2,2,0,0,1,1,0,1,1,1,1,4,4,5,1,2,2,10,10,8,8,1
298,0,1,18,1,1,1,4,3,4,4,2,1,1,4,0,0,1,1,0,1,1,1,0,4,3,3,1,1,3,0,14,13,14,1
299,0,0,18,1,0,1,4,4,2,2,1,0,1,1,0,0,1,1,0,1,1,1,1,1,4,2,2,2,1,5,16,15,16,1
300,0,1,18,1,0,0,4,4,3,4,1,0,1,2,0,0,1,0,0,1,1,1,1,4,2,4,1,1,4,14,12,10,11,1
301,0,0,17,1,0,1,4,4,4,2,1,1,2,1,0,0,0,1,0,1,1,1,0,4,1,1,2,2,5,0,11,11,10,1
302,0,1,17,1,1,1,4,2,4,4,2,0,2,3,0,0,1,1,0,1,1,1,0,4,3,3,1,1,3,0,15,12,14,1
303,0,1,17,1,1,1,3,2,3,3,2,1,1,4,0,0,1,1,1,0,1,1,0,5,2,2,1,2,5,0,17,17,18,1
304,0,0,19,1,1,1,3,3,4,4,1,2,1,2,1,0,1,0,1,1,1,1,1,4,4,4,1,1,3,20,15,14,13,1
305,0,1,18,1,1,1,2,4,1,0,2,2,1,2,1,0,1,1,1,1,1,1,0,4,4,3,1,1,3,8,14,12,12,1
306,0,0,20,1,1,0,3,2,1,4,0,2,1,1,0,0,0,0,1,1,1,0,0,5,5,3,1,1,5,0,17,18,18,1
307,0,0,19,1,1,1,4,4,2,1,2,2,2,1,1,0,1,1,0,1,1,1,1,4,3,4,1,1,4,38,8,9,8,0
308,0,0,19,0,1,1,3,3,4,1,2,1,1,2,1,0,0,0,1,1,1,0,1,4,5,3,1,2,5,0,15,12,12,1
309,0,1,19,1,0,1,1,1,0,4,2,2,1,2,1,1,1,0,1,0,1,1,0,4,4,3,1,3,3,18,12,10,10,1
310,0,1,19,1,0,1,1,2,1,1,1,2,1,2,1,0,0,0,1,0,1,0,1,4,2,4,2,2,3,0,9,9,0,0
311,0,1,19,1,1,1,2,1,0,4,3,2,3,2,0,0,1,0,0,1,0,1,1,3,4,1,1,1,2,20,14,12,13,1
312,0,0,19,1,1,1,1,2,4,1,0,2,1,2,1,0,0,0,0,0,1,1,0,4,5,2,2,2,4,3,13,11,11,1
313,0,1,19,1,0,1,3,2,1,4,2,2,2,2,1,0,1,1,0,0,1,1,1,4,2,2,1,2,1,22,13,10,11,1
314,0,1,19,1,1,1,1,1,0,3,1,2,1,3,2,0,0,0,0,0,1,1,1,4,1,2,1,1,3,14,15,13,13,1
315,0,1,19,0,1,1,2,3,4,4,2,2,1,3,1,0,0,0,0,1,1,1,1,4,1,2,1,1,3,40,13,11,11,1
316,0,1,18,1,1,1,2,1,1,4,0,0,2,2,0,0,1,1,1,1,1,1,0,5,3,3,1,2,1,0,8,8,0,0
317,0,1,18,1,1,1,4,3,4,4,0,0,1,3,0,0,1,1,1,1,1,1,1,4,3,4,1,1,5,9,9,10,9,0
318,0,1,17,0,1,1,3,4,0,1,0,1,1,3,0,0,1,1,1,0,1,1,0,4,3,4,2,5,5,0,11,11,10,1
319,0,1,18,1,1,1,4,4,2,4,0,0,1,2,0,0,1,1,0,1,1,1,0,4,4,4,3,3,5,2,11,11,11,1
320,0,1,17,1,1,0,4,3,1,1,0,0,1,2,0,0,1,1,0,1,1,1,1,5,2,2,1,2,5,23,13,13,13,1
321,0,1,17,1,1,1,2,2,4,4,0,0,1,2,0,0,1,0,0,1,1,0,1,4,2,2,1,1,3,12,11,9,9,1
322,0,1,17,0,0,1,2,2,1,1,0,0,1,3,0,0,1,1,1,1,1,1,0,3,3,2,2,2,3,3,11,11,11,1
323,0,1,17,1,1,1,3,1,1,1,0,1,1,3,0,0,1,0,0,0,1,1,0,3,4,3,2,3,5,1,12,14,15,1
324,0,1,17,1,0,1,0,2,0,0,1,1,2,3,0,0,0,0,0,1,1,1,0,3,3,3,2,3,2,0,16,15,15,1
325,0,0,18,1,1,1,4,4,4,4,0,0,1,3,0,0,0,0,1,1,1,1,0,4,3,3,2,2,3,3,9,12,11,0
326,0,0,17,1,1,1,3,3,4,1,2,0,1,1,0,0,0,0,1,0,1,1,0,4,3,5,3,5,5,3,14,15,16,1
327,0,0,17,0,1,1,2,2,1,4,0,0,4,1,0,0,1,0,0,1,1,1,0,4,4,5,5,5,4,8,11,10,10,1
328,0,1,17,1,1,1,4,4,2,1,0,0,1,3,0,0,1,1,1,1,1,1,0,5,4,4,1,3,4,7,10,9,9,1
329,0,1,17,1,1,1,4,4,2,2,0,0,2,3,0,0,1,1,0,0,1,1,1,4,3,3,1,2,4,4,14,14,14,1
330,0,0,18,1,0,1,2,2,4,4,0,0,1,4,0,0,1,0,1,1,1,1,0,4,5,5,2,4,5,2,9,8,8,0
331,0,1,17,0,1,1,2,4,0,4,0,1,1,3,0,0,1,0,0,1,1,1,1,4,4,3,1,1,5,7,12,14,14,1
332,0,1,18,1,1,1,3,3,1,1,1,0,1,2,0,0,0,0,1,1,1,1,0,5,3,4,1,1,4,0,7,0,0,0
333,0,1,18,1,0,1,2,2,4,4,1,2,1,2,0,0,0,0,1,0,1,1,1,4,3,3,1,1,2,0,8,8,0,0
334,0,1,18,0,1,1,2,2,0,4,0,0,2,4,0,0,0,0,1,1,1,0,0,4,4,4,1,1,4,0,10,9,0,1
335,0,1,17,1,1,1,3,4,1,4,0,0,1,3,0,0,0,0,0,1,1,1,0,4,4,5,1,3,5,16,16,15,15,1
336,0,1,19,0,1,0,3,1,1,0,1,2,1,3,1,0,0,1,0,1,1,0,0,5,4,3,1,2,5,12,14,13,13,1
337,0,1,17,1,1,1,3,2,4,4,1,0,1,2,0,0,1,1,0,1,1,1,1,4,3,2,2,3,2,0,7,8,0,0
338,0,1,18,1,0,1,3,3,1,1,1,0,1,4,0,0,1,0,0,1,1,1,0,5,3,3,1,1,1,7,16,15,17,1
339,0,1,17,0,1,0,3,2,4,4,1,0,1,2,0,0,1,1,0,1,1,1,0,4,3,3,2,3,2,4,9,10,10,0
340,0,1,19,1,1,1,2,1,1,1,1,2,1,3,1,0,0,1,1,1,1,1,1,4,3,4,1,3,3,4,11,12,11,1
341,0,0,18,1,1,1,4,4,2,1,1,1,1,2,1,0,1,0,1,1,1,1,0,4,3,3,2,2,2,0,10,10,0,1
342,0,0,18,1,0,1,3,4,1,4,1,0,1,2,0,0,0,0,1,1,1,1,1,4,3,3,1,3,5,11,16,15,15,1
343,0,1,17,1,1,0,2,2,0,0,1,1,1,2,1,0,1,0,0,1,1,1,1,3,3,1,1,2,4,0,9,8,0,0
344,0,1,18,1,1,1,2,3,0,4,0,0,1,3,0,0,1,0,0,1,1,1,0,4,3,3,1,2,3,4,11,10,10,1
345,0,1,18,1,1,1,3,2,4,1,3,0,1,3,0,0,0,0,0,1,1,1,1,5,4,3,2,3,1,7,13,13,14,1
346,0,0,18,0,1,1,4,3,2,1,0,0,1,3,0,0,0,0,0,1,1,1,1,5,3,2,1,2,4,9,16,15,16,1
347,0,0,18,1,1,1,4,3,2,4,0,0,1,3,0,0,1,1,0,1,1,1,1,5,4,5,2,3,5,0,10,10,9,1
348,0,1,17,1,1,1,4,3,3,4,2,0,1,3,0,0,1,1,1,1,1,1,1,4,4,3,1,3,4,0,13,15,15,1
349,1,0,18,0,1,1,3,2,4,4,0,0,2,1,1,0,1,0,0,0,1,1,0,2,5,5,5,5,5,10,11,13,13,1
350,1,0,19,0,1,1,1,1,4,1,1,2,3,2,3,0,0,0,0,1,1,1,0,5,4,4,3,3,2,8,8,7,8,0
351,1,0,17,1,1,1,3,3,3,4,0,0,2,2,0,0,1,1,0,1,1,1,0,4,5,4,2,3,3,2,13,13,13,1
352,1,0,18,1,0,1,1,3,0,1,0,0,1,1,1,0,0,0,0,1,0,1,1,4,3,3,2,3,3,7,8,7,8,0
353,1,0,19,0,1,1,1,1,4,4,1,2,3,1,1,0,1,0,0,1,1,1,0,4,4,4,3,3,5,4,8,8,8,0
354,1,0,17,0,1,1,4,3,1,4,1,0,2,2,0,0,1,1,1,0,1,1,1,4,5,5,1,3,2,4,13,11,11,1
355,1,1,18,1,1,1,3,3,1,1,0,1,1,2,0,0,1,0,0,1,1,0,1,5,3,4,1,1,5,0,10,9,9,1
356,1,1,17,0,1,1,4,4,2,1,3,1,2,2,0,0,1,1,1,1,1,1,0,4,3,3,1,2,5,4,12,13,13,1
357,1,1,17,1,0,0,3,2,1,4,2,0,2,2,0,0,0,0,0,1,1,0,1,1,2,3,1,2,5,2,12,12,11,1
358,1,0,18,1,0,1,1,1,4,1,1,1,2,1,0,0,0,0,0,0,1,1,1,3,3,2,1,2,3,4,10,10,10,1
359,1,1,18,1,0,1,1,1,0,1,0,1,2,3,0,0,0,0,0,1,1,1,0,5,3,2,1,1,4,0,18,16,16,1
360,1,1,18,0,0,0,1,4,0,4,0,0,3,2,0,0,0,0,0,1,1,0,1,4,3,4,1,4,5,0,13,13,13,1
361,1,0,18,0,0,1,1,1,0,4,3,0,2,2,1,0,0,0,1,0,0,0,0,4,4,3,2,3,5,2,13,12,12,1
362,1,1,18,1,1,1,3,3,1,1,3,0,2,2,0,0,1,0,0,1,1,1,1,4,3,2,1,3,3,0,11,11,10,1
363,1,1,17,1,0,1,4,4,0,0,0,0,1,2,0,0,1,1,1,1,1,1,1,2,3,4,1,1,1,0,16,15,15,1
364,1,1,17,0,1,1,1,2,4,1,0,1,2,2,0,0,0,0,0,0,1,0,0,3,2,2,1,2,3,0,12,11,12,1
365,1,0,18,0,1,1,1,3,0,4,0,0,2,2,0,0,1,1,0,1,1,0,0,3,3,4,2,4,3,4,10,10,10,1
366,1,0,18,1,0,1,4,4,2,1,3,0,2,3,0,0,0,1,0,1,1,1,1,4,2,2,2,2,5,0,13,13,13,1
367,1,1,17,0,1,1,1,1,4,1,2,0,3,1,1,0,1,1,0,1,1,1,1,5,2,1,1,2,1,0,7,6,0,0
368,1,1,18,1,1,1,2,3,0,1,0,1,2,1,0,0,1,1,0,1,1,1,1,5,2,3,1,2,4,0,11,10,10,1
369,1,1,18,0,1,1,4,4,4,2,3,1,3,2,0,0,1,1,0,0,1,1,1,3,2,2,4,2,5,10,14,12,11,1
370,1,1,19,1,0,1,3,2,1,1,1,2,2,2,2,0,0,0,1,1,1,0,1,3,2,2,1,1,3,4,7,7,9,0
371,1,0,18,0,0,1,1,2,0,1,3,1,3,1,0,0,1,1,1,1,0,1,1,4,3,3,2,3,3,3,14,12,12,1
372,1,1,17,1,1,1,2,2,4,0,1,0,1,3,0,0,0,0,1,1,1,0,1,3,4,3,1,1,3,8,13,11,11,1
373,1,1,17,0,1,1,1,2,4,4,0,0,1,1,0,0,0,0,1,1,1,1,0,3,5,5,1,3,1,14,6,5,5,0
374,1,1,18,0,0,1,4,4,4,4,2,0,2,3,0,0,0,0,0,1,1,1,0,5,4,4,1,1,1,0,19,18,19,1
375,1,1,18,0,1,1,1,1,4,4,1,0,4,3,0,0,0,0,0,1,1,1,0,4,3,2,1,2,4,2,8,8,10,0
376,1,1,20,1,1,1,4,2,3,4,0,2,2,3,2,0,1,1,0,0,1,1,1,5,4,3,1,1,3,4,15,14,15,1
377,1,1,18,0,0,1,4,4,2,1,0,0,1,2,0,0,0,1,1,1,1,1,0,5,4,3,3,4,2,4,8,9,10,0
378,1,1,18,1,1,1,3,3,4,4,1,0,1,2,0,0,0,1,0,1,1,1,1,4,1,3,1,2,1,0,15,15,15,1
379,1,1,17,0,1,1,3,1,0,4,2,0,1,2,0,0,1,1,1,0,1,1,0,4,5,4,2,3,1,17,10,10,10,1
380,1,0,18,1,1,1,4,4,2,2,1,1,1,2,0,0,0,1,1,0,1,1,0,3,2,4,1,4,2,4,15,14,14,1
381,1,0,18,0,1,1,2,1,4,4,3,0,2,1,0,0,0,0,1,0,1,1,1,4,4,3,1,3,5,5,7,6,7,0
382,1,0,17,1,1,1,2,3,4,1,1,1,2,2,0,0,0,0,1,1,1,1,0,4,4,3,1,1,3,2,11,11,10,1
383,1,0,19,0,1,1,1,1,4,1,3,0,2,1,1,0,0,0,0,1,1,0,0,4,3,2,1,3,5,0,6,5,0,0
384,1,0,18,0,1,1,4,2,4,4,1,1,2,1,1,0,0,1,0,1,1,0,0,5,4,3,4,3,3,14,6,5,5,0
385,1,1,18,0,1,1,2,2,0,4,3,0,2,3,0,0,0,1,0,1,1,0,0,5,3,3,1,3,4,2,10,9,10,1
386,1,1,18,0,1,1,4,4,2,0,2,0,3,1,0,0,1,1,1,1,1,1,1,4,4,3,2,2,5,7,6,5,6,0
387,1,1,19,0,1,1,2,3,1,4,0,0,1,3,1,0,0,0,1,0,1,1,0,5,4,2,1,2,5,0,7,5,0,0
388,1,1,18,1,0,1,3,1,2,1,0,0,1,2,0,0,1,1,0,1,1,1,0,4,3,4,1,1,1,0,7,9,8,0
389,1,1,18,1,1,1,1,1,4,4,0,0,2,2,1,0,0,0,1,1,1,0,0,1,1,1,1,1,5,0,6,5,0,0
390,1,0,20,1,0,0,2,2,1,1,0,2,1,2,2,0,1,1,0,1,1,0,0,5,5,4,4,5,4,11,9,9,9,0
391,1,0,17,1,0,1,3,1,1,1,0,0,2,1,0,0,0,0,0,0,1,1,0,2,4,5,3,4,2,3,14,16,16,1
392,1,0,21,0,1,1,1,1,4,4,0,2,1,1,3,0,0,0,0,0,1,0,0,5,5,3,3,3,3,3,10,8,7,1
393,1,0,18,0,0,1,3,2,1,4,0,0,3,1,0,0,0,0,0,0,1,1,0,4,4,1,3,4,5,0,11,12,10,1
394,1,0,19,1,0,1,1,1,4,0,0,1,1,1,0,0,0,0,0,1,1,1,0,3,2,3,3,3,5,5,8,9,9,0
